<?xml version="1.0" encoding="UTF-8"?>
<!DOCTYPE suite SYSTEM "https://testng.org/testng-1.0.dtd">
<suite thread-count="2" parallel="classes" name="Suite">
  <test thread-count="2" parallel="classes" name="Test">
    <classes>
      <class name="com.dunn.telemedicine.scripts.PatientViewsAppointment"/>
      <class name="com.dunn.telemedicine.scripts.Loginwithoutemailverification"/>
      <class name="com.dunn.telemedicine.scripts.InvalidPatientLogin"/>
      <class name="com.dunn.telemedicine.scripts.GermanLanguageLogout"/>
      <class name="com.dunn.telemedicine.scripts.LoginWithEmailVerificationandwithoutprofileupdation"/>
    </classes>
  </test> <!-- Test -->
</suite> <!-- Suite -->
